Position,Const,Created,Modified,Description,Title,URL,Title Type,IMDb Rating,Runtime (mins),Year,Genres,Num Votes,Release Date,Directors,Your Rating,Date Rated
1,tt0137523,2016-09-13,2016-09-13,,Fight Club,https://www.imdb.com/title/tt0137523/,movie,8.8,139,1999,Drama,1717230,1999-09-10,David Fincher,,
2,tt0209144,2016-09-13,2016-09-13,,Memento,https://www.imdb.com/title/tt0209144/,movie,8.4,113,2000,"Mystery, Thriller",1049010,2000-09-05,Christopher Nolan,,
3,tt0068646,2016-09-13,2016-09-13,,The Godfather,https://www.imdb.com/title/tt0068646/,movie,9.2,175,1972,"Crime, Drama",1475143,1972-03-14,Francis Ford Coppola,,
4,tt0105236,2016-09-13,2016-09-13,,Reservoir Dogs,https://www.imdb.com/title/tt0105236/,movie,8.3,99,1992,"Crime, Drama, Thriller",849494,1992-01-21,Quentin Tarantino,,
5,tt0120815,2016-09-13,2016-09-13,,Saving Private Ryan,https://www.imdb.com/title/tt0120815/,movie,8.6,169,1998,"Drama, War",1138254,1998-07-21,Steven Spielberg,,
6,tt0109830,2016-09-13,2016-09-13,,Forrest Gump,https://www.imdb.com/title/tt0109830/,movie,8.8,142,1994,"Drama, Romance",1653836,1994-06-23,Robert Zemeckis,,
7,tt0071853,2016-09-13,2016-09-13,,Monty Python and the Holy Grail,https://www.imdb.com/title/tt0071853/,movie,8.2,91,1975,"Adventure, Comedy, Fantasy",470462,1975-03-14,"Terry Jones, Terry Gilliam",,
8,tt0114369,2016-09-13,2016-09-13,,Se7en,https://www.imdb.com/title/tt0114369/,movie,8.6,127,1995,"Crime, Drama, Mystery, Thriller",1320481,1995-09-15,David Fincher,,
9,tt0088763,2016-09-13,2016-09-13,,Back to the Future,https://www.imdb.com/title/tt0088763/,movie,8.5,116,1985,"Adventure, Comedy, Sci-Fi",960620,1985-07-03,Robert Zemeckis,,
10,tt0099685,2016-09-13,2016-09-13,,Goodfellas,https://www.imdb.com/title/tt0099685/,movie,8.7,146,1990,"Biography, Crime, Drama",928667,1990-09-09,Martin Scorsese,,
11,tt0482571,2016-09-13,2016-09-13,,The Prestige,https://www.imdb.com/title/tt0482571/,movie,8.5,130,2006,"Drama, Mystery, Sci-Fi, Thriller",1090137,2006-10-17,Christopher Nolan,,
12,tt0365748,2016-09-13,2016-09-13,,Shaun of the Dead,https://www.imdb.com/title/tt0365748/,movie,7.9,99,2004,"Comedy, Horror",478775,2004-03-29,Edgar Wright,,
13,tt0167261,2016-09-13,2016-09-13,,The Lord of the Rings: The Two Towers,https://www.imdb.com/title/tt0167261/,movie,8.7,179,2002,"Adventure, Drama, Fantasy",1381052,2002-12-05,Peter Jackson,,
14,tt0245429,2016-09-13,2016-09-13,,Sen to Chihiro no kamikakushi,https://www.imdb.com/title/tt0245429/,movie,8.6,125,2001,"Animation, Adventure, Family, Fantasy, Mystery",573771,2001-07-20,Hayao Miyazaki,,
15,tt0060196,2016-09-13,2016-09-13,,"Il buono, il brutto, il cattivo",https://www.imdb.com/title/tt0060196/,movie,8.8,161,1966,Western,637967,1966-12-23,Sergio Leone,,
16,tt0082971,2016-09-13,2016-09-13,,Raiders of the Lost Ark,https://www.imdb.com/title/tt0082971/,movie,8.4,115,1981,"Action, Adventure",827996,1981-06-12,Steven Spielberg,,
17,tt0062622,2016-09-13,2016-09-13,,2001: A Space Odyssey,https://www.imdb.com/title/tt0062622/,movie,8.3,149,1968,"Adventure, Sci-Fi",555494,1968-04-02,Stanley Kubrick,,
18,tt0057012,2016-09-13,2016-09-13,,Dr. Strangelove or: How I Learned to Stop Worrying and Love the Bomb,https://www.imdb.com/title/tt0057012/,movie,8.4,95,1964,Comedy,422369,1964-01-29,Stanley Kubrick,,
19,tt0073486,2016-09-13,2016-09-13,,One Flew Over the Cuckoo's Nest,https://www.imdb.com/title/tt0073486/,movie,8.7,133,1975,Drama,849061,1975-11-19,Milos Forman,,
20,tt0469494,2016-09-13,2016-09-13,,There Will Be Blood,https://www.imdb.com/title/tt0469494/,movie,8.1,158,2007,Drama,473232,2007-09-27,Paul Thomas Anderson,,
21,tt1136608,2016-09-13,2016-09-13,,District 9,https://www.imdb.com/title/tt1136608/,movie,7.9,112,2009,"Action, Sci-Fi, Thriller",611680,2009-08-13,Neill Blomkamp,,
22,tt0151804,2016-09-13,2016-09-13,,Office Space,https://www.imdb.com/title/tt0151804/,movie,7.7,89,1999,Comedy,230120,1999-02-19,Mike Judge,,
23,tt0050083,2016-09-13,2016-09-13,,12 Angry Men,https://www.imdb.com/title/tt0050083/,movie,8.9,96,1957,Drama,613773,1957-04-10,Sidney Lumet,,
24,tt0457430,2016-09-13,2016-09-13,,El laberinto del fauno,https://www.imdb.com/title/tt0457430/,movie,8.2,118,2006,"Drama, Fantasy, War",581918,2006-05-27,Guillermo del Toro,,
25,tt0114814,2016-09-13,2016-09-13,,The Usual Suspects,https://www.imdb.com/title/tt0114814/,movie,8.5,106,1995,"Crime, Mystery, Thriller",924975,1995-01-25,Bryan Singer,,
26,tt0107290,2016-09-13,2016-09-13,,Jurassic Park,https://www.imdb.com/title/tt0107290/,movie,8.1,127,1993,"Action, Adventure, Sci-Fi, Thriller",799477,1993-06-09,Steven Spielberg,,
27,tt0434409,2016-09-13,2016-09-13,,V for Vendetta,https://www.imdb.com/title/tt0434409/,movie,8.2,132,2005,"Action, Drama, Sci-Fi, Thriller",967344,2005-12-11,James McTeigue,,
28,tt0093779,2016-09-13,2016-09-13,,The Princess Bride,https://www.imdb.com/title/tt0093779/,movie,8.1,98,1987,"Adventure, Family, Fantasy, Romance",367016,1987-09-18,Rob Reiner,,
29,tt0119217,2016-09-13,2016-09-13,,Good Will Hunting,https://www.imdb.com/title/tt0119217/,movie,8.3,126,1997,"Drama, Romance",785977,1997-12-02,Gus Van Sant,,
30,tt0206634,2016-09-13,2016-09-13,,Children of Men,https://www.imdb.com/title/tt0206634/,movie,7.9,109,2006,"Drama, Sci-Fi, Thriller",435659,2006-09-03,Alfonso Cuarón,,
31,tt0910970,2016-09-13,2016-09-13,,WALL·E,https://www.imdb.com/title/tt0910970/,movie,8.4,98,2008,"Animation, Adventure, Family, Sci-Fi",927178,2008-06-21,Andrew Stanton,,
32,tt0095016,2016-09-13,2016-09-13,,Die Hard,https://www.imdb.com/title/tt0095016/,movie,8.2,132,1988,"Action, Thriller",732791,1988-07-12,John McTiernan,,
33,tt1182345,2016-09-13,2016-09-13,,Moon,https://www.imdb.com/title/tt1182345/,movie,7.9,97,2009,"Drama, Mystery, Sci-Fi",316431,2009-01-23,Duncan Jones,,
34,tt0107048,2016-09-13,2016-09-13,,Groundhog Day,https://www.imdb.com/title/tt0107048/,movie,8.0,101,1993,"Comedy, Fantasy, Romance",549070,1993-02-04,Harold Ramis,,
35,tt0317705,2016-09-13,2016-09-13,,The Incredibles,https://www.imdb.com/title/tt0317705/,movie,8.0,115,2004,"Animation, Action, Adventure, Family",616028,2004-10-27,Brad Bird,,
36,tt0190590,2016-09-13,2016-09-13,,"O Brother, Where Art Thou?",https://www.imdb.com/title/tt0190590/,movie,7.7,107,2000,"Adventure, Comedy, Crime, Music",268574,2000-05-13,"Joel Coen, Ethan Coen",,
37,tt0172495,2016-09-13,2016-09-13,,Gladiator,https://www.imdb.com/title/tt0172495/,movie,8.5,155,2000,"Action, Adventure, Drama",1240599,2000-05-01,Ridley Scott,,
38,tt0080339,2016-09-13,2016-09-13,,Airplane!,https://www.imdb.com/title/tt0080339/,movie,7.7,88,1980,Comedy,194430,1980-07-02,"Jim Abrahams, Jerry Zucker, David Zucker",,
39,tt0078788,2016-09-13,2016-09-13,,Apocalypse Now,https://www.imdb.com/title/tt0078788/,movie,8.4,147,1979,"Drama, Mystery, War",560914,1979-05-19,Francis Ford Coppola,,
40,tt0103064,2016-09-13,2016-09-13,,Terminator 2: Judgment Day,https://www.imdb.com/title/tt0103064/,movie,8.5,137,1991,"Action, Sci-Fi",927764,1991-07-01,James Cameron,,
41,tt0110413,2016-09-13,2016-09-13,,Léon,https://www.imdb.com/title/tt0110413/,movie,8.5,110,1994,"Action, Crime, Drama, Thriller",950250,1994-09-14,Luc Besson,,
42,tt0435761,2016-09-13,2016-09-13,,Toy Story 3,https://www.imdb.com/title/tt0435761/,movie,8.3,103,2010,"Animation, Adventure, Comedy, Family, Fantasy",703955,2010-06-12,Lee Unkrich,,
43,tt0208092,2016-09-13,2016-09-13,,Snatch,https://www.imdb.com/title/tt0208092/,movie,8.3,104,2000,"Comedy, Crime",731933,2000-08-23,Guy Ritchie,,
44,tt0364569,2016-09-13,2016-09-13,,Oldeuboi,https://www.imdb.com/title/tt0364569/,movie,8.4,120,2003,"Action, Drama, Mystery, Thriller",470077,2003-11-21,Chan-wook Park,,
45,tt0091042,2016-09-13,2016-09-13,,Ferris Bueller's Day Off,https://www.imdb.com/title/tt0091042/,movie,7.8,103,1986,Comedy,295150,1986-06-11,John Hughes,,
46,tt0116282,2016-09-13,2016-09-13,,Fargo,https://www.imdb.com/title/tt0116282/,movie,8.1,98,1996,"Crime, Drama, Thriller",572141,1996-03-08,"Joel Coen, Ethan Coen",,
47,tt0119698,2016-09-13,2016-09-13,,Mononoke-hime,https://www.imdb.com/title/tt0119698/,movie,8.4,134,1997,"Animation, Adventure, Fantasy",302476,1997-07-12,Hayao Miyazaki,,
48,tt0780536,2016-09-13,2016-09-13,,In Bruges,https://www.imdb.com/title/tt0780536/,movie,7.9,107,2008,"Comedy, Crime, Drama, Thriller",368771,2008-01-17,Martin McDonagh,,
49,tt0317248,2016-09-13,2016-09-13,,Cidade de Deus,https://www.imdb.com/title/tt0317248/,movie,8.6,130,2002,"Crime, Drama",656820,2002-05-18,"Kátia Lund, Fernando Meirelles",,
50,tt0054215,2016-09-13,2016-09-13,,Psycho,https://www.imdb.com/title/tt0054215/,movie,8.5,109,1960,"Horror, Mystery, Thriller",552263,1960-06-16,Alfred Hitchcock,,
51,tt0075314,2016-09-13,2016-09-13,,Taxi Driver,https://www.imdb.com/title/tt0075314/,movie,8.3,114,1976,"Crime, Drama",656540,1976-02-08,Martin Scorsese,,
52,tt0198781,2016-09-13,2016-09-13,,"Monsters, Inc.",https://www.imdb.com/title/tt0198781/,movie,8.0,92,2001,"Animation, Adventure, Comedy, Family, Fantasy",756797,2001-10-28,"Pete Docter, David Silverman, Lee Unkrich",,
53,tt0289043,2016-09-13,2016-09-13,,28 Days Later...,https://www.imdb.com/title/tt0289043/,movie,7.6,113,2002,"Drama, Horror, Sci-Fi, Thriller",351090,2002-11-01,Danny Boyle,,
54,tt0180093,2016-09-13,2016-09-13,,Requiem for a Dream,https://www.imdb.com/title/tt0180093/,movie,8.3,102,2000,Drama,713880,2000-05-14,Darren Aronofsky,,
55,tt0071562,2016-09-13,2016-09-13,,The Godfather: Part II,https://www.imdb.com/title/tt0071562/,movie,9.0,202,1974,"Crime, Drama",1026694,1974-12-12,Francis Ford Coppola,,
56,tt0425112,2016-09-13,2016-09-13,,Hot Fuzz,https://www.imdb.com/title/tt0425112/,movie,7.8,121,2007,"Action, Comedy, Mystery",433731,2007-02-16,Edgar Wright,,
57,tt0114746,2016-09-13,2016-09-13,,Twelve Monkeys,https://www.imdb.com/title/tt0114746/,movie,8.0,129,1995,"Mystery, Sci-Fi, Thriller",546410,1995-12-08,Terry Gilliam,,
58,tt0090605,2016-09-13,2016-09-13,,Aliens,https://www.imdb.com/title/tt0090605/,movie,8.4,137,1986,"Action, Adventure, Sci-Fi, Thriller",612038,1986-07-14,James Cameron,,
59,tt0373469,2016-09-13,2016-09-13,,Kiss Kiss Bang Bang,https://www.imdb.com/title/tt0373469/,movie,7.5,103,2005,"Action, Comedy, Crime, Mystery, Thriller",204859,2005-05-14,Shane Black,,
60,tt0335266,2016-09-13,2016-09-13,,Lost in Translation,https://www.imdb.com/title/tt0335266/,movie,7.7,102,2003,Drama,380439,2003-08-29,Sofia Coppola,,
61,tt0071315,2016-09-13,2016-09-13,,Chinatown,https://www.imdb.com/title/tt0071315/,movie,8.2,130,1974,"Drama, Mystery, Thriller",271217,1974-06-20,Roman Polanski,,
62,tt0265666,2016-09-13,2016-09-13,,The Royal Tenenbaums,https://www.imdb.com/title/tt0265666/,movie,7.6,110,2001,"Comedy, Drama",249492,2001-10-05,Wes Anderson,,
63,tt0073195,2016-09-13,2016-09-13,,Jaws,https://www.imdb.com/title/tt0073195/,movie,8.0,124,1975,"Adventure, Drama, Thriller",518357,1975-06-20,Steven Spielberg,,
64,tt0240772,2016-09-13,2016-09-13,,Ocean's Eleven,https://www.imdb.com/title/tt0240772/,movie,7.8,116,2001,"Crime, Thriller",481708,2001-12-05,Steven Soderbergh,,
65,tt0347149,2016-09-13,2016-09-13,,Hauru no ugoku shiro,https://www.imdb.com/title/tt0347149/,movie,8.2,119,2004,"Animation, Adventure, Family, Fantasy",290145,2004-09-05,Hayao Miyazaki,,
66,tt0120689,2016-09-13,2016-09-13,,The Green Mile,https://www.imdb.com/title/tt0120689/,movie,8.6,189,1999,"Crime, Drama, Fantasy, Mystery",1044229,1999-12-06,Frank Darabont,,
67,tt1748122,2016-09-13,2016-09-13,,Moonrise Kingdom,https://www.imdb.com/title/tt1748122/,movie,7.8,94,2012,"Comedy, Drama, Romance",296543,2012-05-16,Wes Anderson,,
68,tt1276104,2016-09-13,2016-09-13,,Looper,https://www.imdb.com/title/tt1276104/,movie,7.4,113,2012,"Action, Crime, Drama, Sci-Fi, Thriller",507513,2012-09-06,Rian Johnson,,
69,tt0088847,2016-09-13,2016-09-13,,The Breakfast Club,https://www.imdb.com/title/tt0088847/,movie,7.9,97,1985,"Comedy, Drama",324542,1985-02-07,John Hughes,,
70,tt0119488,2016-09-13,2016-09-13,,L.A. Confidential,https://www.imdb.com/title/tt0119488/,movie,8.2,138,1997,"Crime, Drama, Mystery, Thriller",501500,1997-05-14,Curtis Hanson,,
71,tt0266543,2016-09-13,2016-09-13,,Finding Nemo,https://www.imdb.com/title/tt0266543/,movie,8.1,100,2003,"Animation, Adventure, Comedy, Family",886175,2003-05-30,"Andrew Stanton, Lee Unkrich",,
72,tt0118749,2016-09-13,2016-09-13,,Boogie Nights,https://www.imdb.com/title/tt0118749/,movie,7.9,155,1997,Drama,223225,1997-09-11,Paul Thomas Anderson,,
73,tt0401792,2016-09-13,2016-09-13,,Sin City,https://www.imdb.com/title/tt0401792/,movie,8.0,124,2005,"Crime, Thriller",720664,2005-03-28,"Frank Miller, Quentin Tarantino, Robert Rodriguez",,
74,tt0120669,2016-09-13,2016-09-13,,Fear and Loathing in Las Vegas,https://www.imdb.com/title/tt0120669/,movie,7.6,118,1998,"Adventure, Comedy, Drama",245759,1998-05-15,Terry Gilliam,,
75,tt0097576,2016-09-13,2016-09-13,,Indiana Jones and the Last Crusade,https://www.imdb.com/title/tt0097576/,movie,8.2,127,1989,"Action, Adventure",646538,1989-05-24,Steven Spielberg,,
76,tt0119177,2016-09-13,2016-09-13,,Gattaca,https://www.imdb.com/title/tt0119177/,movie,7.8,106,1997,"Drama, Sci-Fi, Thriller",264967,1997-09-07,Andrew Niccol,,
77,tt0056592,2016-09-13,2016-09-13,,To Kill a Mockingbird,https://www.imdb.com/title/tt0056592/,movie,8.3,129,1962,"Crime, Drama",277313,1962-12-20,Robert Mulligan,,
78,tt0120601,2016-09-13,2016-09-13,,Being John Malkovich,https://www.imdb.com/title/tt0120601/,movie,7.7,113,1999,"Comedy, Drama, Fantasy",292281,1999-09-02,Spike Jonze,,
79,tt0253474,2016-09-13,2016-09-13,,The Pianist,https://www.imdb.com/title/tt0253474/,movie,8.5,150,2002,"Biography, Drama, Music, War",661415,2002-05-24,Roman Polanski,,
80,tt0075686,2016-09-13,2016-09-13,,Annie Hall,https://www.imdb.com/title/tt0075686/,movie,8.0,93,1977,"Comedy, Romance",239467,1977-03-27,Woody Allen,,
81,tt0357413,2016-09-13,2016-09-13,,Anchorman: The Legend of Ron Burgundy,https://www.imdb.com/title/tt0357413/,movie,7.2,94,2004,Comedy,312988,2004-06-28,Adam McKay,,
82,tt1024648,2016-09-13,2016-09-13,,Argo,https://www.imdb.com/title/tt1024648/,movie,7.7,120,2012,"Biography, Drama, Thriller",542344,2012-08-31,Ben Affleck,,
83,tt0081398,2016-09-13,2016-09-13,,Raging Bull,https://www.imdb.com/title/tt0081398/,movie,8.2,129,1980,"Biography, Drama, Sport",295155,1980-11-13,Martin Scorsese,,
84,tt0848228,2016-09-13,2016-09-13,,The Avengers,https://www.imdb.com/title/tt0848228/,movie,8.0,143,2012,"Action, Adventure, Sci-Fi",1203524,2012-04-11,Joss Whedon,,
85,tt0106677,2016-09-13,2016-09-13,,Dazed and Confused,https://www.imdb.com/title/tt0106677/,movie,7.6,102,1993,Comedy,150298,1993-06-04,Richard Linklater,,
86,tt1022603,2016-09-13,2016-09-13,,(500) Days of Summer,https://www.imdb.com/title/tt1022603/,movie,7.7,95,2009,"Comedy, Drama, Romance",447540,2009-01-17,Marc Webb,,
87,tt0067992,2016-09-13,2016-09-13,,Willy Wonka & the Chocolate Factory,https://www.imdb.com/title/tt0067992/,movie,7.8,100,1971,"Family, Fantasy, Musical",164786,1971-06-28,Mel Stuart,,
88,tt0105695,2016-09-13,2016-09-13,,Unforgiven,https://www.imdb.com/title/tt0105695/,movie,8.2,130,1992,"Drama, Western",348288,1992-08-03,Clint Eastwood,,
89,tt0432283,2016-09-13,2016-09-13,,Fantastic Mr. Fox,https://www.imdb.com/title/tt0432283/,movie,7.8,87,2009,"Animation, Adventure, Comedy, Crime, Drama, Family",180536,2009-10-14,Wes Anderson,,
90,tt0088846,2016-09-13,2016-09-13,,Brazil,https://www.imdb.com/title/tt0088846/,movie,7.9,132,1985,"Drama, Sci-Fi",177629,1985-02-20,Terry Gilliam,,
91,tt0129167,2016-09-13,2016-09-13,,The Iron Giant,https://www.imdb.com/title/tt0129167/,movie,8.0,86,1999,"Animation, Action, Adventure, Comedy, Drama, Family, Sci-Fi",160320,1999-07-31,Brad Bird,,
92,tt0088247,2016-09-13,2016-09-13,,The Terminator,https://www.imdb.com/title/tt0088247/,movie,8.0,107,1984,"Action, Sci-Fi",744893,1984-10-26,James Cameron,,
93,tt0087332,2016-09-13,2016-09-13,,Ghostbusters,https://www.imdb.com/title/tt0087332/,movie,7.8,105,1984,"Action, Comedy, Fantasy",329922,1984-06-07,Ivan Reitman,,
94,tt0088258,2016-09-13,2016-09-13,,This Is Spinal Tap,https://www.imdb.com/title/tt0088258/,movie,7.9,82,1984,"Comedy, Music",122111,1984-03-02,Rob Reiner,,
95,tt1205489,2016-09-13,2016-09-13,,Gran Torino,https://www.imdb.com/title/tt1205489/,movie,8.1,116,2008,Drama,680213,2008-12-09,Clint Eastwood,,
96,tt0268126,2016-09-13,2016-09-13,,Adaptation.,https://www.imdb.com/title/tt0268126/,movie,7.7,115,2002,"Comedy, Drama",167209,2002-12-03,Spike Jonze,,
97,tt0058461,2016-09-13,2016-09-13,,Per un pugno di dollari,https://www.imdb.com/title/tt0058461/,movie,8.0,99,1964,"Drama, Western",181725,1964-09-12,Sergio Leone,,
98,tt0092005,2016-09-13,2016-09-13,,Stand by Me,https://www.imdb.com/title/tt0092005/,movie,8.1,89,1986,"Adventure, Drama",339982,1986-10-27,Rob Reiner,,
99,tt0112384,2016-09-13,2016-09-13,,Apollo 13,https://www.imdb.com/title/tt0112384/,movie,7.6,140,1995,"Adventure, Drama, History",250615,1995-06-22,Ron Howard,,
100,tt0071230,2016-09-13,2016-09-13,,Blazing Saddles,https://www.imdb.com/title/tt0071230/,movie,7.7,93,1974,"Comedy, Western",117882,1974-02-07,Mel Brooks,,
101,tt0086879,2016-09-13,2016-09-13,,Amadeus,https://www.imdb.com/title/tt0086879/,movie,8.3,160,1984,"Biography, Drama, History, Music",343864,1984-09-06,Milos Forman,,
102,tt0128445,2016-09-13,2016-09-13,,Rushmore,https://www.imdb.com/title/tt0128445/,movie,7.7,93,1998,"Comedy, Drama",159415,1998-09-17,Wes Anderson,,
103,tt0079470,2016-09-13,2016-09-13,,Life of Brian,https://www.imdb.com/title/tt0079470/,movie,8.1,94,1979,Comedy,341200,1979-08-17,Terry Jones,,
104,tt0166924,2016-09-13,2016-09-13,,Mulholland Dr.,https://www.imdb.com/title/tt0166924/,movie,7.9,147,2001,"Drama, Mystery, Thriller",296120,2001-05-16,David Lynch,,
105,tt0038650,2016-09-13,2016-09-13,,It's a Wonderful Life,https://www.imdb.com/title/tt0038650/,movie,8.6,130,1946,"Drama, Family, Fantasy",365021,1946-12-20,Frank Capra,,
106,tt0061722,2016-09-13,2016-09-13,,The Graduate,https://www.imdb.com/title/tt0061722/,movie,8.0,106,1967,"Comedy, Drama, Romance",241453,1967-12-20,Mike Nichols,,
107,tt0107688,2016-09-13,2016-09-13,,The Nightmare Before Christmas,https://www.imdb.com/title/tt0107688/,movie,8.0,76,1993,"Animation, Family, Fantasy, Musical",272725,1993-10-09,Henry Selick,,
108,tt0381061,2016-09-13,2016-09-13,,Casino Royale,https://www.imdb.com/title/tt0381061/,movie,8.0,144,2006,"Action, Adventure, Thriller",546330,2006-11-14,Martin Campbell,,
109,tt0443706,2016-09-13,2016-09-13,,Zodiac,https://www.imdb.com/title/tt0443706/,movie,7.7,157,2007,"Crime, Drama, Mystery, Thriller",404604,2007-02-28,David Fincher,,
110,tt0190332,2016-09-13,2016-09-13,,Wo hu cang long,https://www.imdb.com/title/tt0190332/,movie,7.8,120,2000,"Action, Adventure, Fantasy, Romance",242624,2000-05-18,Ang Lee,,
111,tt1403865,2016-09-13,2016-09-13,,True Grit,https://www.imdb.com/title/tt1403865/,movie,7.6,110,2010,"Drama, Western",289401,2010-12-14,"Joel Coen, Ethan Coen",,
112,tt0112573,2016-09-13,2016-09-13,,Braveheart,https://www.imdb.com/title/tt0112573/,movie,8.3,178,1995,"Biography, Drama, History, War",905919,1995-05-18,Mel Gibson,,
113,tt0120863,2016-09-13,2016-09-13,,The Thin Red Line,https://www.imdb.com/title/tt0120863/,movie,7.6,170,1998,"Drama, War",162655,1998-12-22,Terrence Malick,,
114,tt1291584,2016-09-13,2016-09-13,,Warrior,https://www.imdb.com/title/tt1291584/,movie,8.2,140,2011,"Drama, Sport",409786,2011-09-09,Gavin O'Connor,,
115,tt0090756,2016-09-13,2016-09-13,,Blue Velvet,https://www.imdb.com/title/tt0090756/,movie,7.8,120,1986,"Drama, Mystery, Thriller",166038,1986-08-30,David Lynch,,
116,tt0390384,2016-09-13,2016-09-13,,Primer,https://www.imdb.com/title/tt0390384/,movie,6.9,77,2004,"Drama, Sci-Fi, Thriller",91278,2004-01-16,Shane Carruth,,
117,tt0362270,2016-09-13,2016-09-13,,The Life Aquatic with Steve Zissou,https://www.imdb.com/title/tt0362270/,movie,7.3,119,2004,"Action, Adventure, Comedy, Drama, Romance",168530,2004-11-20,Wes Anderson,,
118,tt0319061,2016-09-13,2016-09-13,,Big Fish,https://www.imdb.com/title/tt0319061/,movie,8.0,125,2003,"Adventure, Drama, Fantasy, Romance",394539,2003-12-04,Tim Burton,,
119,tt0109445,2016-09-13,2016-09-13,,Clerks,https://www.imdb.com/title/tt0109445/,movie,7.7,92,1994,Comedy,203715,1994-01-31,Kevin Smith,,
120,tt0064116,2016-09-13,2016-09-13,,C'era una volta il West,https://www.imdb.com/title/tt0064116/,movie,8.5,165,1968,Western,277909,1968-12-20,Sergio Leone,,
121,tt0073629,2016-09-13,2016-09-13,,The Rocky Horror Picture Show,https://www.imdb.com/title/tt0073629/,movie,7.4,100,1975,"Comedy, Musical",123740,1975-08-14,Jim Sharman,,
122,tt0217505,2016-09-13,2016-09-13,,Gangs of New York,https://www.imdb.com/title/tt0217505/,movie,7.5,167,2002,"Crime, Drama",378413,2002-12-09,Martin Scorsese,,
123,tt0095327,2016-09-13,2016-09-13,,Hotaru no haka,https://www.imdb.com/title/tt0095327/,movie,8.5,89,1988,"Animation, Drama, War",204461,1988-04-16,Isao Takahata,,
124,tt0080455,2016-09-13,2016-09-13,,The Blues Brothers,https://www.imdb.com/title/tt0080455/,movie,7.9,133,1980,"Adventure, Comedy, Crime, Music, Musical",170494,1980-06-20,John Landis,,
125,tt0032553,2016-09-13,2016-09-13,,The Great Dictator,https://www.imdb.com/title/tt0032553/,movie,8.5,125,1940,"Comedy, Drama, War",185726,1940-10-15,Charles Chaplin,,
126,tt0395169,2016-09-13,2016-09-13,,Hotel Rwanda,https://www.imdb.com/title/tt0395169/,movie,8.1,121,2004,"Biography, Drama, History, War",317708,2004-09-11,Terry George,,
127,tt0393109,2016-09-13,2016-09-13,,Brick,https://www.imdb.com/title/tt0393109/,movie,7.3,110,2005,"Action, Crime, Drama, Mystery, Thriller",95951,2005-01-31,Rian Johnson,,
128,tt0443680,2016-09-13,2016-09-13,,The Assassination of Jesse James by the Coward Robert Ford,https://www.imdb.com/title/tt0443680/,movie,7.5,160,2007,"Biography, Crime, Drama, History, Western",159159,2007-09-02,Andrew Dominik,,
129,tt0196229,2016-09-13,2016-09-13,,Zoolander,https://www.imdb.com/title/tt0196229/,movie,6.6,90,2001,Comedy,234488,2001-09-28,Ben Stiller,,
130,tt0077416,2016-09-13,2016-09-13,,The Deer Hunter,https://www.imdb.com/title/tt0077416/,movie,8.1,183,1978,"Drama, War",289534,1978-12-08,Michael Cimino,,
131,tt0405094,2016-09-13,2016-09-13,,Das Leben der Anderen,https://www.imdb.com/title/tt0405094/,movie,8.4,137,2006,"Drama, Thriller",330170,2006-03-15,Florian Henckel von Donnersmarck,,
132,tt0383028,2016-09-13,2016-09-13,,"Synecdoche, New York",https://www.imdb.com/title/tt0383028/,movie,7.6,124,2008,"Comedy, Drama",74256,2008-05-23,Charlie Kaufman,,
133,tt0420223,2016-09-13,2016-09-13,,Stranger Than Fiction,https://www.imdb.com/title/tt0420223/,movie,7.6,113,2006,"Comedy, Drama, Fantasy, Romance",209674,2006-09-09,Marc Forster,,
134,tt0093773,2016-09-13,2016-09-13,,Predator,https://www.imdb.com/title/tt0093773/,movie,7.8,107,1987,"Action, Adventure, Sci-Fi, Thriller",350580,1987-06-12,John McTiernan,,
135,tt0425210,2016-09-13,2016-09-13,,Lucky Number Slevin,https://www.imdb.com/title/tt0425210/,movie,7.7,110,2006,"Crime, Drama, Mystery, Thriller",290374,2006-02-24,Paul McGuigan,,
136,tt0264464,2016-09-13,2016-09-13,,Catch Me If You Can,https://www.imdb.com/title/tt0264464/,movie,8.1,141,2002,"Biography, Crime, Drama",740819,2002-12-16,Steven Spielberg,,
137,tt1343727,2016-09-13,2016-09-13,,Dredd,https://www.imdb.com/title/tt1343727/,movie,7.1,95,2012,"Action, Crime, Sci-Fi",238093,2012-07-11,Pete Travis,,
138,tt0266308,2016-09-13,2016-09-13,,Batoru rowaiaru,https://www.imdb.com/title/tt0266308/,movie,7.6,114,2000,"Adventure, Drama, Sci-Fi, Thriller",161077,2000-10-31,Kinji Fukasaku,,
139,tt0892769,2016-09-13,2016-09-13,,How to Train Your Dragon,https://www.imdb.com/title/tt0892769/,movie,8.1,98,2010,"Animation, Action, Adventure, Family, Fantasy",623041,2010-03-18,"Chris Sanders, Dean DeBlois",,
140,tt0072890,2016-09-13,2016-09-13,,Dog Day Afternoon,https://www.imdb.com/title/tt0072890/,movie,8.0,125,1975,"Biography, Crime, Drama, Thriller",221531,1975-09-19,Sidney Lumet,,
141,tt0063442,2016-09-13,2016-09-13,,Planet of the Apes,https://www.imdb.com/title/tt0063442/,movie,8.0,112,1968,"Adventure, Sci-Fi",157776,1968-02-08,Franklin J. Schaffner,,
142,tt0311113,2016-09-13,2016-09-13,,Master and Commander: The Far Side of the World,https://www.imdb.com/title/tt0311113/,movie,7.4,138,2003,"Action, Adventure, Drama, History, War",191678,2003-11-14,Peter Weir,,
143,tt0021749,2016-09-13,2016-09-13,,City Lights,https://www.imdb.com/title/tt0021749/,movie,8.5,87,1931,"Comedy, Drama, Romance",151864,1931-01-30,Charles Chaplin,,
144,tt0388795,2016-09-13,2016-09-13,,Brokeback Mountain,https://www.imdb.com/title/tt0388795/,movie,7.7,134,2005,"Drama, Romance",304505,2005-09-02,Ang Lee,,
145,tt0903624,2016-09-13,2016-09-13,,The Hobbit: An Unexpected Journey,https://www.imdb.com/title/tt0903624/,movie,7.8,169,2012,"Adventure, Family",727169,2012-11-28,Peter Jackson,,
146,tt0075860,2016-09-13,2016-09-13,,Close Encounters of the Third Kind,https://www.imdb.com/title/tt0075860/,movie,7.6,138,1977,"Drama, Sci-Fi",170563,1977-11-15,Steven Spielberg,,
147,tt1125849,2016-09-13,2016-09-13,,The Wrestler,https://www.imdb.com/title/tt1125849/,movie,7.9,109,2008,"Drama, Sport",279616,2008-09-05,Darren Aronofsky,,
148,tt0079367,2016-09-13,2016-09-13,,The Jerk,https://www.imdb.com/title/tt0079367/,movie,7.2,94,1979,Comedy,49916,1979-12-14,Carl Reiner,,
149,tt0104348,2016-09-13,2016-09-13,,Glengarry Glen Ross,https://www.imdb.com/title/tt0104348/,movie,7.8,100,1992,"Crime, Drama, Mystery",89884,1992-09-10,James Foley,,
150,tt0086190,2016-09-13,2016-09-13,,Star Wars: Episode VI - Return of the Jedi,https://www.imdb.com/title/tt0086190/,movie,8.3,131,1983,"Action, Adventure, Fantasy, Sci-Fi",879078,1983-05-25,Richard Marquand,,
151,tt0369339,2016-09-13,2016-09-13,,Collateral,https://www.imdb.com/title/tt0369339/,movie,7.5,120,2004,"Crime, Drama, Thriller",339639,2004-08-02,Michael Mann,,
152,tt1139797,2016-09-13,2016-09-13,,Låt den rätte komma in,https://www.imdb.com/title/tt1139797/,movie,7.9,114,2008,"Drama, Horror, Romance",197169,2008-01-26,Tomas Alfredson,,
153,tt1465522,2016-09-13,2016-09-13,,Tucker and Dale vs Evil,https://www.imdb.com/title/tt1465522/,movie,7.5,89,2010,"Comedy, Horror",156286,2010-01-22,Eli Craig,,
154,tt1130884,2016-09-13,2016-09-13,,Shutter Island,https://www.imdb.com/title/tt1130884/,movie,8.1,138,2010,"Mystery, Thriller",1031192,2010-02-13,Martin Scorsese,,
155,tt0448134,2016-09-13,2016-09-13,,Sunshine,https://www.imdb.com/title/tt0448134/,movie,7.2,107,2007,"Sci-Fi, Thriller",222799,2007-03-23,Danny Boyle,,
156,tt0272338,2016-09-13,2016-09-13,,Punch-Drunk Love,https://www.imdb.com/title/tt0272338/,movie,7.3,95,2002,"Comedy, Drama, Romance, Thriller",135658,2002-05-19,Paul Thomas Anderson,,
157,tt0175880,2016-09-13,2016-09-13,,Magnolia,https://www.imdb.com/title/tt0175880/,movie,8.0,188,1999,Drama,273480,1999-12-08,Paul Thomas Anderson,,
158,tt0427944,2016-09-13,2016-09-13,,Thank You for Smoking,https://www.imdb.com/title/tt0427944/,movie,7.6,92,2005,"Comedy, Drama",207382,2005-09-09,Jason Reitman,,
159,tt0887912,2016-09-13,2016-09-13,,The Hurt Locker,https://www.imdb.com/title/tt0887912/,movie,7.6,131,2008,"Drama, Thriller, War",398223,2008-09-04,Kathryn Bigelow,,
160,tt0814314,2016-09-27,2016-09-27,,Seven Pounds,https://www.imdb.com/title/tt0814314/,movie,7.6,123,2008,Drama,272273,2008-12-19,Gabriele Muccino,,
161,tt2784512,2016-10-25,2016-10-25,,Zombeavers,https://www.imdb.com/title/tt2784512/,movie,4.7,77,2014,"Action, Adventure, Comedy, Horror, Sci-Fi, Thriller",15150,2014-04-13,Jordan Rubin,,
162,tt0121955,2016-10-27,2016-10-27,,South Park,https://www.imdb.com/title/tt0121955/,tvSeries,8.7,22,1997,"Animation, Comedy",307813,1997-08-13,,,
163,tt1520211,2016-10-27,2016-10-27,,The Walking Dead,https://www.imdb.com/title/tt1520211/,tvSeries,8.3,44,2010,"Drama, Horror, Thriller",801661,2010-10-31,,,
164,tt4574334,2016-11-18,2016-11-18,,Stranger Things,https://www.imdb.com/title/tt4574334/,tvSeries,8.8,51,2016,"Drama, Fantasy, Horror, Mystery, Sci-Fi, Thriller",669431,2016-07-11,,9,2017-02-07
165,tt1659337,2016-11-19,2016-11-19,,The Perks of Being a Wallflower,https://www.imdb.com/title/tt1659337/,movie,8.0,103,2012,Drama,428843,2012-09-08,Stephen Chbosky,,
166,tt0234215,2016-11-19,2016-11-19,,The Matrix Reloaded,https://www.imdb.com/title/tt0234215/,movie,7.2,138,2003,"Action, Sci-Fi",486771,2003-05-07,"Lilly Wachowski, Lana Wachowski",,
167,tt0242653,2016-11-19,2016-11-19,,The Matrix Revolutions,https://www.imdb.com/title/tt0242653/,movie,6.7,129,2003,"Action, Sci-Fi",422611,2003-10-27,"Lilly Wachowski, Lana Wachowski",,
168,tt2861424,2016-11-19,2016-11-19,,Rick and Morty,https://www.imdb.com/title/tt2861424/,tvSeries,9.3,23,2013,"Animation, Adventure, Comedy, Sci-Fi",295329,2013-12-02,,,
169,tt1446714,2016-11-26,2016-11-26,,Prometheus,https://www.imdb.com/title/tt1446714/,movie,7.0,124,2012,"Adventure, Mystery, Sci-Fi",545039,2012-04-11,Ridley Scott,,
170,tt2975578,2016-12-11,2016-12-11,,The Purge: Anarchy,https://www.imdb.com/title/tt2975578/,movie,6.4,103,2014,"Action, Horror, Sci-Fi, Thriller",128377,2014-07-17,James DeMonaco,,
171,tt1817273,2016-12-15,2016-12-15,,The Place Beyond the Pines,https://www.imdb.com/title/tt1817273/,movie,7.3,140,2012,"Crime, Drama, Thriller",230406,2012-09-07,Derek Cianfrance,,
172,tt0086250,2016-12-23,2016-12-23,,Scarface,https://www.imdb.com/title/tt0086250/,movie,8.3,170,1983,"Crime, Drama",679543,1983-12-01,Brian De Palma,,
173,tt0116367,2016-12-29,2016-12-29,,From Dusk Till Dawn,https://www.imdb.com/title/tt0116367/,movie,7.2,108,1996,"Action, Crime, Horror",268397,1996-01-19,Robert Rodriguez,,
174,tt0139134,2016-12-29,2016-12-29,,Cruel Intentions,https://www.imdb.com/title/tt0139134/,movie,6.8,97,1999,"Drama, Romance",171127,1999-03-05,Roger Kumble,,
175,tt2278871,2016-12-29,2016-12-29,,La vie d'Adèle,https://www.imdb.com/title/tt2278871/,movie,7.8,180,2013,"Drama, Romance",127283,2013-05-23,Abdellatif Kechiche,,
176,tt0389722,2016-12-29,2016-12-29,,30 Days of Night,https://www.imdb.com/title/tt0389722/,movie,6.6,113,2007,"Action, Horror, Thriller",157563,2007-10-16,David Slade,,
177,tt4034228,2017-01-02,2017-01-02,,Manchester by the Sea,https://www.imdb.com/title/tt4034228/,movie,7.8,137,2016,Drama,220742,2016-01-23,Kenneth Lonergan,,
178,tt1504320,2017-01-13,2017-01-13,,The King's Speech,https://www.imdb.com/title/tt1504320/,movie,8.0,118,2010,"Biography, Drama, History",602685,2010-09-06,Tom Hooper,,
179,tt0790636,2017-01-13,2017-01-13,,Dallas Buyers Club,https://www.imdb.com/title/tt0790636/,movie,8.0,117,2013,"Biography, Drama",409250,2013-09-07,Jean-Marc Vallée,,
180,tt4975722,2017-01-24,2017-01-24,,Moonlight,https://www.imdb.com/title/tt4975722/,movie,7.4,111,2016,Drama,236732,2016-09-02,Barry Jenkins,,
181,tt3799694,2017-01-30,2017-01-30,,The Nice Guys,https://www.imdb.com/title/tt3799694/,movie,7.4,116,2016,"Action, Comedy, Crime, Mystery, Thriller",248074,2016-05-10,Shane Black,,
182,tt0986233,2017-01-31,2017-01-31,,Hunger,https://www.imdb.com/title/tt0986233/,movie,7.6,96,2008,"Biography, Drama",62133,2008-05-15,Steve McQueen,,
183,tt4695012,2017-02-08,2017-02-08,,It Comes at Night,https://www.imdb.com/title/tt4695012/,movie,6.2,91,2017,"Horror, Mystery",71763,2017-04-29,Trey Edward Shults,,
184,tt3065204,2017-03-24,2017-03-24,,The Conjuring 2,https://www.imdb.com/title/tt3065204/,movie,7.3,134,2016,"Horror, Mystery, Thriller",203190,2016-05-13,James Wan,,
185,tt1179933,2017-03-24,2017-03-24,,10 Cloverfield Lane,https://www.imdb.com/title/tt1179933/,movie,7.2,103,2016,"Drama, Horror, Mystery, Sci-Fi, Thriller",267183,2016-03-08,Dan Trachtenberg,,
186,tt2400463,2017-03-24,2017-03-24,,The Invitation,https://www.imdb.com/title/tt2400463/,movie,6.6,100,2015,"Drama, Horror, Mystery, Thriller",74836,2015-03-13,Karyn Kusama,,
187,tt1922777,2017-03-24,2017-03-24,,Sinister,https://www.imdb.com/title/tt1922777/,movie,6.8,110,2012,"Horror, Mystery, Thriller",202864,2012-03-11,Scott Derrickson,,
188,tt5442430,2017-03-25,2017-03-25,,Life,https://www.imdb.com/title/tt5442430/,movie,6.6,104,2017,"Horror, Sci-Fi, Thriller",188032,2017-03-18,Daniel Espinosa,,
189,tt3262342,2017-12-01,2017-12-01,,Loving Vincent,https://www.imdb.com/title/tt3262342/,movie,7.8,94,2017,"Animation, Biography, Crime, Drama, Mystery",42354,2017-06-12,"Dorota Kobiela, Hugh Welchman",,
190,tt2278388,2018-04-01,2018-04-01,,The Grand Budapest Hotel,https://www.imdb.com/title/tt2278388/,movie,8.1,99,2014,"Adventure, Comedy, Crime",647494,2014-02-06,Wes Anderson,,
191,tt0113277,2019-01-07,2019-01-07,,Heat,https://www.imdb.com/title/tt0113277/,movie,8.2,170,1995,"Crime, Drama, Thriller",533760,1995-12-06,Michael Mann,,
192,tt1439629,2019-02-08,2019-02-08,,Community,https://www.imdb.com/title/tt1439629/,tvSeries,8.5,22,2009,Comedy,178369,2009-09-17,,,
193,tt1266020,2019-02-08,2019-02-08,,Parks and Recreation,https://www.imdb.com/title/tt1266020/,tvSeries,8.6,22,2009,Comedy,183936,2009-04-09,,,
194,tt0074285,2019-02-09,2019-02-09,,Carrie,https://www.imdb.com/title/tt0074285/,movie,7.4,98,1976,Horror,155666,1976-11-03,Brian De Palma,,
195,tt5083738,2019-02-24,2019-02-24,,The Favourite,https://www.imdb.com/title/tt5083738/,movie,7.6,119,2018,"Biography, Drama, History",133488,2018-08-30,Yorgos Lanthimos,,
196,tt1856101,2019-03-03,2019-03-03,,Blade Runner 2049,https://www.imdb.com/title/tt1856101/,movie,8.0,164,2017,"Action, Drama, Mystery, Sci-Fi, Thriller",396020,2017-10-03,Denis Villeneuve,,
197,tt4972582,2019-03-03,2019-03-03,,Split,https://www.imdb.com/title/tt4972582/,movie,7.3,117,2016,"Horror, Thriller",377207,2016-09-26,M. Night Shyamalan,,
198,tt2015381,2019-03-03,2019-03-03,,Guardians of the Galaxy,https://www.imdb.com/title/tt2015381/,movie,8.0,121,2014,"Action, Adventure, Comedy, Sci-Fi",976204,2014-07-21,James Gunn,,
199,tt1560220,2019-03-03,2019-03-03,,Zombieland: Double Tap,https://www.imdb.com/title/tt1560220/,movie,7.3,99,2019,"Action, Comedy, Horror",6704,2019-10-09,Ruben Fleischer,,
200,tt2562232,2019-03-03,2019-03-03,,Birdman or (The Unexpected Virtue of Ignorance),https://www.imdb.com/title/tt2562232/,movie,7.7,119,2014,"Comedy, Drama",531857,2014-08-27,Alejandro G. Iñárritu,,
201,tt1321870,2019-03-03,2019-03-03,,Gangster Squad,https://www.imdb.com/title/tt1321870/,movie,6.7,113,2013,"Action, Crime, Drama, Thriller",197847,2013-01-07,Ruben Fleischer,,
202,tt0976051,2019-03-24,2019-03-24,,The Reader,https://www.imdb.com/title/tt0976051/,movie,7.6,124,2008,"Drama, Romance",220263,2008-12-10,Stephen Daldry,,
203,tt7286456,2019-04-06,2019-04-06,,Joker,https://www.imdb.com/title/tt7286456/,movie,8.9,122,2019,"Crime, Drama, Thriller",345926,2019-08-31,Todd Phillips,,
204,tt0096163,2019-05-03,2019-05-03,,Spoorloos,https://www.imdb.com/title/tt0096163/,movie,7.8,107,1988,"Mystery, Thriller",30615,1988-08-29,George Sluizer,,
205,tt1334260,2019-05-26,2019-05-26,,Never Let Me Go,https://www.imdb.com/title/tt1334260/,movie,7.1,103,2010,"Drama, Romance, Sci-Fi",131577,2010-09-03,Mark Romanek,,
206,tt5606664,2019-06-28,2019-06-28,,Doctor Sleep,https://www.imdb.com/title/tt5606664/,movie,,151,2019,Horror,,2019-10-30,Mike Flanagan,,
207,tt3416532,2019-07-06,2019-07-06,,A Monster Calls,https://www.imdb.com/title/tt3416532/,movie,7.5,108,2016,"Animation, Drama, Fantasy",72870,2016-09-09,J.A. Bayona,,
208,tt7131622,2019-07-28,2019-07-28,,Once Upon a Time... in Hollywood,https://www.imdb.com/title/tt7131622/,movie,8.0,161,2019,"Comedy, Drama",216323,2019-05-21,Quentin Tarantino,,
209,tt2527338,2019-08-27,2019-08-27,,Star Wars: The Rise of Skywalker,https://www.imdb.com/title/tt2527338/,movie,,,2019,"Action, Adventure, Fantasy, Sci-Fi",,2019-12-18,J.J. Abrams,,
